AF3_alpha,AF3_beta,AF3_gamma,AF4_alpha,AF4_beta,AF4_gamma,F3_alpha,F3_beta,F3_gamma,F4_alpha,F4_beta,F4_gamma,F7_alpha,F7_beta,F7_gamma,F8_alpha,F8_beta,F8_gamma,FC5_alpha,FC5_beta,FC5_gamma,FC6_alpha,FC6_beta,FC6_gamma,O1_alpha,O1_beta,O1_gamma,O2_alpha,O2_beta,O2_gamma,P7_alpha,P7_beta,P7_gamma,P8_alpha,P8_beta,P8_gamma,T7_alpha,T7_beta,T7_gamma,T8_alpha,T8_beta,T8_gamma
4.944704254545794,26.733300837201913,14.389556370657722,4.888976369039362,23.2502851934004,12.363246964683945,5.439044467306327,29.261755304454322,11.834752206729346,7.049363563202445,52.010106023062555,12.73439810282601,8.323898624852161,56.62005830485906,11.969003623224058,9.577745013056582,87.34896342678167,9.955593039786034,8.700631901069833,84.22673993200178,10.51906822425614,7.56145105298164,88.8671896483468,8.083070666794972,15.803553557201425,86.34008417959976,10.46738084592341,14.495371805421762,108.83354062253726,7.259582301920611,11.94097387820157,99.61596636525312,7.020157492968699,8.55528313451481,58.2368833610101,11.899901908589255,7.052465897925909,41.031641303136816,15.221367234002445,6.47793616560325,33.00647902516613,15.265800021460949
